question,answer 1,answer 2,answer 3,answer 4,answer 5
1,result from gpt-4-1106-preview on long prompt,result from gpt-4-1106-preview on short prompt,result from gpt-3.5-turbo on short prompt,human written,result from gpt-3.5-turbo on long prompt
2,result from gpt-4-1106-preview on short prompt,human written,result from gpt-4-1106-preview on long prompt,result from gpt-3.5-turbo on short prompt,result from gpt-3.5-turbo on long prompt
3,result from gpt-3.5-turbo on short prompt,result from gpt-3.5-turbo on long prompt,human written,result from gpt-4-1106-preview on long prompt,result from gpt-4-1106-preview on short prompt
4,result from gpt-4-1106-preview on short prompt,result from gpt-3.5-turbo on long prompt,human written,result from gpt-3.5-turbo on short prompt,result from gpt-4-1106-preview on long prompt
5,result from gpt-4-1106-preview on short prompt,result from gpt-3.5-turbo on long prompt,result from gpt-3.5-turbo on short prompt,result from gpt-4-1106-preview on long prompt,human written
6,result from gpt-4-1106-preview on long prompt,result from gpt-4-1106-preview on short prompt,result from gpt-3.5-turbo on short prompt,result from gpt-3.5-turbo on long prompt,human written
7,result from gpt-3.5-turbo on short prompt,human written,result from gpt-4-1106-preview on long prompt,result from gpt-3.5-turbo on long prompt,result from gpt-4-1106-preview on short prompt
8,result from gpt-3.5-turbo on long prompt,result from gpt-3.5-turbo on short prompt,human written,result from gpt-4-1106-preview on long prompt,result from gpt-4-1106-preview on short prompt
9,result from gpt-3.5-turbo on long prompt,result from gpt-3.5-turbo on short prompt,result from gpt-4-1106-preview on long prompt,result from gpt-4-1106-preview on short prompt,human written
10,result from gpt-3.5-turbo on short prompt,result from gpt-3.5-turbo on long prompt,human written,result from gpt-4-1106-preview on short prompt,result from gpt-4-1106-preview on long prompt
11,result from gpt-3.5-turbo on short prompt,result from gpt-4-1106-preview on short prompt,human written,result from gpt-4-1106-preview on long prompt,result from gpt-3.5-turbo on long prompt
12,human written,result from gpt-4-1106-preview on short prompt,result from gpt-4-1106-preview on long prompt,result from gpt-3.5-turbo on short prompt,result from gpt-3.5-turbo on long prompt
13,result from gpt-4-1106-preview on long prompt,human written,result from gpt-3.5-turbo on short prompt,result from gpt-4-1106-preview on short prompt,result from gpt-3.5-turbo on long prompt
14,result from gpt-3.5-turbo on long prompt,result from gpt-4-1106-preview on long prompt,result from gpt-3.5-turbo on short prompt,result from gpt-4-1106-preview on short prompt,human written
15,result from gpt-4-1106-preview on long prompt,result from gpt-4-1106-preview on short prompt,result from gpt-3.5-turbo on long prompt,human written,result from gpt-3.5-turbo on short prompt
16,result from gpt-3.5-turbo on long prompt,result from gpt-4-1106-preview on long prompt,result from gpt-3.5-turbo on short prompt,human written,result from gpt-4-1106-preview on short prompt
17,result from gpt-4-1106-preview on long prompt,human written,result from gpt-3.5-turbo on long prompt,result from gpt-4-1106-preview on short prompt,result from gpt-3.5-turbo on short prompt
18,result from gpt-4-1106-preview on short prompt,result from gpt-3.5-turbo on long prompt,result from gpt-4-1106-preview on long prompt,result from gpt-3.5-turbo on short prompt,human written
19,result from gpt-4-1106-preview on short prompt,human written,result from gpt-3.5-turbo on long prompt,result from gpt-4-1106-preview on long prompt,result from gpt-3.5-turbo on short prompt
20,result from gpt-4-1106-preview on short prompt,result from gpt-3.5-turbo on long prompt,result from gpt-3.5-turbo on short prompt,result from gpt-4-1106-preview on long prompt,human written
21,result from gpt-3.5-turbo on short prompt,result from gpt-3.5-turbo on long prompt,result from gpt-4-1106-preview on short prompt,result from gpt-4-1106-preview on long prompt,human written
22,result from gpt-4-1106-preview on long prompt,result from gpt-3.5-turbo on long prompt,result from gpt-4-1106-preview on short prompt,human written,result from gpt-3.5-turbo on short prompt
23,human written,result from gpt-3.5-turbo on short prompt,result from gpt-4-1106-preview on long prompt,result from gpt-4-1106-preview on short prompt,result from gpt-3.5-turbo on long prompt
24,result from gpt-3.5-turbo on long prompt,result from gpt-4-1106-preview on short prompt,result from gpt-4-1106-preview on long prompt,human written,result from gpt-3.5-turbo on short prompt
25,result from gpt-4-1106-preview on short prompt,human written,result from gpt-3.5-turbo on short prompt,result from gpt-3.5-turbo on long prompt,result from gpt-4-1106-preview on long prompt
26,result from gpt-3.5-turbo on long prompt,result from gpt-4-1106-preview on short prompt,result from gpt-4-1106-preview on long prompt,human written,result from gpt-3.5-turbo on short prompt
27,result from gpt-4-1106-preview on long prompt,human written,result from gpt-3.5-turbo on short prompt,result from gpt-4-1106-preview on short prompt,result from gpt-3.5-turbo on long prompt
28,result from gpt-4-1106-preview on long prompt,result from gpt-4-1106-preview on short prompt,human written,result from gpt-3.5-turbo on short prompt,result from gpt-3.5-turbo on long prompt
29,result from gpt-3.5-turbo on short prompt,human written,result from gpt-4-1106-preview on long prompt,result from gpt-3.5-turbo on long prompt,result from gpt-4-1106-preview on short prompt
30,result from gpt-4-1106-preview on long prompt,result from gpt-3.5-turbo on short prompt,result from gpt-3.5-turbo on long prompt,result from gpt-4-1106-preview on short prompt,human written
31,result from gpt-3.5-turbo on long prompt,result from gpt-3.5-turbo on short prompt,result from gpt-4-1106-preview on short prompt,human written,result from gpt-4-1106-preview on long prompt
32,result from gpt-4-1106-preview on short prompt,result from gpt-3.5-turbo on long prompt,result from gpt-4-1106-preview on long prompt,result from gpt-3.5-turbo on short prompt,human written
33,human written,result from gpt-4-1106-preview on long prompt,result from gpt-4-1106-preview on short prompt,result from gpt-3.5-turbo on short prompt,result from gpt-3.5-turbo on long prompt
34,result from gpt-4-1106-preview on long prompt,result from gpt-4-1106-preview on short prompt,result from gpt-3.5-turbo on long prompt,result from gpt-3.5-turbo on short prompt,human written
35,human written,result from gpt-4-1106-preview on short prompt,result from gpt-3.5-turbo on short prompt,result from gpt-4-1106-preview on long prompt,result from gpt-3.5-turbo on long prompt
36,result from gpt-4-1106-preview on short prompt,result from gpt-3.5-turbo on long prompt,human written,result from gpt-4-1106-preview on long prompt,result from gpt-3.5-turbo on short prompt
37,result from gpt-3.5-turbo on short prompt,human written,result from gpt-4-1106-preview on short prompt,result from gpt-4-1106-preview on long prompt,result from gpt-3.5-turbo on long prompt
38,result from gpt-4-1106-preview on long prompt,result from gpt-3.5-turbo on short prompt,human written,result from gpt-4-1106-preview on short prompt,result from gpt-3.5-turbo on long prompt
39,result from gpt-3.5-turbo on long prompt,result from gpt-4-1106-preview on short prompt,human written,result from gpt-4-1106-preview on long prompt,result from gpt-3.5-turbo on short prompt
40,human written,result from gpt-3.5-turbo on long prompt,result from gpt-4-1106-preview on long prompt,result from gpt-4-1106-preview on short prompt,result from gpt-3.5-turbo on short prompt
41,result from gpt-4-1106-preview on long prompt,human written,result from gpt-4-1106-preview on short prompt,result from gpt-3.5-turbo on long prompt,result from gpt-3.5-turbo on short prompt
42,result from gpt-3.5-turbo on short prompt,result from gpt-4-1106-preview on short prompt,result from gpt-4-1106-preview on long prompt,human written,result from gpt-3.5-turbo on long prompt
43,result from gpt-4-1106-preview on long prompt,result from gpt-3.5-turbo on long prompt,result from gpt-3.5-turbo on short prompt,human written,result from gpt-4-1106-preview on short prompt
44,result from gpt-4-1106-preview on short prompt,result from gpt-3.5-turbo on long prompt,human written,result from gpt-3.5-turbo on short prompt,result from gpt-4-1106-preview on long prompt
45,human written,result from gpt-4-1106-preview on short prompt,result from gpt-4-1106-preview on long prompt,result from gpt-3.5-turbo on long prompt,result from gpt-3.5-turbo on short prompt
46,result from gpt-4-1106-preview on short prompt,result from gpt-3.5-turbo on short prompt,result from gpt-3.5-turbo on long prompt,result from gpt-4-1106-preview on long prompt,human written
47,result from gpt-4-1106-preview on short prompt,result from gpt-3.5-turbo on short prompt,result from gpt-4-1106-preview on long prompt,human written,result from gpt-3.5-turbo on long prompt
48,result from gpt-4-1106-preview on long prompt,result from gpt-3.5-turbo on long prompt,result from gpt-3.5-turbo on short prompt,human written,result from gpt-4-1106-preview on short prompt
49,result from gpt-4-1106-preview on long prompt,human written,result from gpt-3.5-turbo on long prompt,result from gpt-3.5-turbo on short prompt,result from gpt-4-1106-preview on short prompt
50,result from gpt-3.5-turbo on long prompt,human written,result from gpt-4-1106-preview on short prompt,result from gpt-3.5-turbo on short prompt,result from gpt-4-1106-preview on long prompt
51,result from gpt-3.5-turbo on long prompt,human written,result from gpt-3.5-turbo on short prompt,result from gpt-4-1106-preview on long prompt,result from gpt-4-1106-preview on short prompt
52,result from gpt-4-1106-preview on short prompt,result from gpt-3.5-turbo on long prompt,result from gpt-3.5-turbo on short prompt,human written,result from gpt-4-1106-preview on long prompt
53,result from gpt-4-1106-preview on short prompt,result from gpt-3.5-turbo on long prompt,result from gpt-4-1106-preview on long prompt,human written,result from gpt-3.5-turbo on short prompt
54,result from gpt-4-1106-preview on short prompt,result from gpt-3.5-turbo on short prompt,human written,result from gpt-3.5-turbo on long prompt,result from gpt-4-1106-preview on long prompt
55,result from gpt-3.5-turbo on short prompt,result from gpt-4-1106-preview on long prompt,result from gpt-4-1106-preview on short prompt,human written,result from gpt-3.5-turbo on long prompt
56,human written,result from gpt-3.5-turbo on long prompt,result from gpt-3.5-turbo on short prompt,result from gpt-4-1106-preview on long prompt,result from gpt-4-1106-preview on short prompt
57,result from gpt-4-1106-preview on short prompt,result from gpt-4-1106-preview on long prompt,result from gpt-3.5-turbo on long prompt,human written,result from gpt-3.5-turbo on short prompt
58,result from gpt-4-1106-preview on long prompt,result from gpt-3.5-turbo on short prompt,result from gpt-3.5-turbo on long prompt,result from gpt-4-1106-preview on short prompt,human written
59,result from gpt-4-1106-preview on long prompt,result from gpt-3.5-turbo on short prompt,result from gpt-3.5-turbo on long prompt,human written,result from gpt-4-1106-preview on short prompt
60,result from gpt-4-1106-preview on short prompt,result from gpt-3.5-turbo on short prompt,human written,result from gpt-3.5-turbo on long prompt,result from gpt-4-1106-preview on long prompt
61,human written,result from gpt-4-1106-preview on long prompt,result from gpt-3.5-turbo on long prompt,result from gpt-4-1106-preview on short prompt,result from gpt-3.5-turbo on short prompt
62,human written,result from gpt-3.5-turbo on long prompt,result from gpt-4-1106-preview on long prompt,result from gpt-3.5-turbo on short prompt,result from gpt-4-1106-preview on short prompt
63,human written,result from gpt-3.5-turbo on long prompt,result from gpt-4-1106-preview on long prompt,result from gpt-4-1106-preview on short prompt,result from gpt-3.5-turbo on short prompt
64,result from gpt-4-1106-preview on short prompt,human written,result from gpt-3.5-turbo on short prompt,result from gpt-3.5-turbo on long prompt,result from gpt-4-1106-preview on long prompt
65,result from gpt-3.5-turbo on long prompt,result from gpt-3.5-turbo on short prompt,human written,result from gpt-4-1106-preview on long prompt,result from gpt-4-1106-preview on short prompt
66,result from gpt-3.5-turbo on long prompt,result from gpt-3.5-turbo on short prompt,result from gpt-4-1106-preview on long prompt,human written,result from gpt-4-1106-preview on short prompt
67,result from gpt-4-1106-preview on short prompt,result from gpt-3.5-turbo on short prompt,result from gpt-3.5-turbo on long prompt,human written,result from gpt-4-1106-preview on long prompt
68,result from gpt-3.5-turbo on long prompt,result from gpt-4-1106-preview on long prompt,result from gpt-4-1106-preview on short prompt,human written,result from gpt-3.5-turbo on short prompt
69,result from gpt-3.5-turbo on long prompt,result from gpt-4-1106-preview on long prompt,result from gpt-4-1106-preview on short prompt,result from gpt-3.5-turbo on short prompt,human written
70,result from gpt-4-1106-preview on short prompt,human written,result from gpt-3.5-turbo on long prompt,result from gpt-4-1106-preview on long prompt,result from gpt-3.5-turbo on short prompt
71,result from gpt-3.5-turbo on short prompt,result from gpt-4-1106-preview on long prompt,human written,result from gpt-3.5-turbo on long prompt,result from gpt-4-1106-preview on short prompt
72,result from gpt-3.5-turbo on short prompt,result from gpt-4-1106-preview on long prompt,result from gpt-4-1106-preview on short prompt,result from gpt-3.5-turbo on long prompt,human written
73,result from gpt-4-1106-preview on long prompt,result from gpt-3.5-turbo on long prompt,human written,result from gpt-4-1106-preview on short prompt,result from gpt-3.5-turbo on short prompt
74,result from gpt-3.5-turbo on short prompt,human written,result from gpt-3.5-turbo on long prompt,result from gpt-4-1106-preview on long prompt,result from gpt-4-1106-preview on short prompt
75,result from gpt-3.5-turbo on long prompt,result from gpt-4-1106-preview on short prompt,result from gpt-4-1106-preview on long prompt,human written,result from gpt-3.5-turbo on short prompt
76,result from gpt-4-1106-preview on long prompt,result from gpt-3.5-turbo on short prompt,result from gpt-3.5-turbo on long prompt,human written,result from gpt-4-1106-preview on short prompt
77,result from gpt-3.5-turbo on short prompt,result from gpt-3.5-turbo on long prompt,result from gpt-4-1106-preview on short prompt,result from gpt-4-1106-preview on long prompt,human written
78,result from gpt-4-1106-preview on short prompt,result from gpt-3.5-turbo on long prompt,result from gpt-4-1106-preview on long prompt,result from gpt-3.5-turbo on short prompt,human written
79,result from gpt-3.5-turbo on short prompt,human written,result from gpt-3.5-turbo on long prompt,result from gpt-4-1106-preview on long prompt,result from gpt-4-1106-preview on short prompt
80,result from gpt-3.5-turbo on short prompt,result from gpt-4-1106-preview on short prompt,result from gpt-3.5-turbo on long prompt,result from gpt-4-1106-preview on long prompt,human written
81,result from gpt-3.5-turbo on short prompt,result from gpt-4-1106-preview on long prompt,result from gpt-4-1106-preview on short prompt,result from gpt-3.5-turbo on long prompt,human written
82,result from gpt-4-1106-preview on short prompt,result from gpt-3.5-turbo on short prompt,result from gpt-4-1106-preview on long prompt,result from gpt-3.5-turbo on long prompt,human written
83,result from gpt-4-1106-preview on long prompt,result from gpt-3.5-turbo on long prompt,result from gpt-4-1106-preview on short prompt,human written,result from gpt-3.5-turbo on short prompt
84,result from gpt-4-1106-preview on short prompt,human written,result from gpt-3.5-turbo on long prompt,result from gpt-3.5-turbo on short prompt,result from gpt-4-1106-preview on long prompt
85,result from gpt-3.5-turbo on short prompt,result from gpt-4-1106-preview on long prompt,result from gpt-3.5-turbo on long prompt,human written,result from gpt-4-1106-preview on short prompt
86,result from gpt-4-1106-preview on short prompt,result from gpt-3.5-turbo on short prompt,result from gpt-3.5-turbo on long prompt,human written,result from gpt-4-1106-preview on long prompt
87,result from gpt-3.5-turbo on short prompt,human written,result from gpt-4-1106-preview on short prompt,result from gpt-3.5-turbo on long prompt,result from gpt-4-1106-preview on long prompt
88,result from gpt-4-1106-preview on short prompt,human written,result from gpt-3.5-turbo on long prompt,result from gpt-4-1106-preview on long prompt,result from gpt-3.5-turbo on short prompt
89,result from gpt-4-1106-preview on short prompt,human written,result from gpt-3.5-turbo on short prompt,result from gpt-3.5-turbo on long prompt,result from gpt-4-1106-preview on long prompt
90,result from gpt-4-1106-preview on short prompt,result from gpt-3.5-turbo on short prompt,result from gpt-3.5-turbo on long prompt,human written,result from gpt-4-1106-preview on long prompt
91,result from gpt-3.5-turbo on long prompt,human written,result from gpt-4-1106-preview on short prompt,result from gpt-3.5-turbo on short prompt,result from gpt-4-1106-preview on long prompt
92,result from gpt-3.5-turbo on short prompt,human written,result from gpt-4-1106-preview on long prompt,result from gpt-3.5-turbo on long prompt,result from gpt-4-1106-preview on short prompt
93,human written,result from gpt-3.5-turbo on short prompt,result from gpt-3.5-turbo on long prompt,result from gpt-4-1106-preview on short prompt,result from gpt-4-1106-preview on long prompt
94,result from gpt-4-1106-preview on long prompt,human written,result from gpt-3.5-turbo on long prompt,result from gpt-3.5-turbo on short prompt,result from gpt-4-1106-preview on short prompt
95,result from gpt-3.5-turbo on long prompt,human written,result from gpt-4-1106-preview on long prompt,result from gpt-4-1106-preview on short prompt,result from gpt-3.5-turbo on short prompt
96,result from gpt-3.5-turbo on short prompt,human written,result from gpt-3.5-turbo on long prompt,result from gpt-4-1106-preview on short prompt,result from gpt-4-1106-preview on long prompt
97,result from gpt-4-1106-preview on short prompt,result from gpt-3.5-turbo on short prompt,result from gpt-3.5-turbo on long prompt,result from gpt-4-1106-preview on long prompt,human written
98,result from gpt-3.5-turbo on short prompt,result from gpt-4-1106-preview on long prompt,result from gpt-4-1106-preview on short prompt,result from gpt-3.5-turbo on long prompt,human written
99,human written,result from gpt-3.5-turbo on short prompt,result from gpt-4-1106-preview on long prompt,result from gpt-4-1106-preview on short prompt,result from gpt-3.5-turbo on long prompt
100,result from gpt-3.5-turbo on short prompt,result from gpt-4-1106-preview on long prompt,human written,result from gpt-4-1106-preview on short prompt,result from gpt-3.5-turbo on long prompt
101,human written,result from gpt-4-1106-preview on short prompt,result from gpt-3.5-turbo on short prompt,result from gpt-4-1106-preview on long prompt,result from gpt-3.5-turbo on long prompt
102,result from gpt-4-1106-preview on long prompt,result from gpt-4-1106-preview on short prompt,result from gpt-3.5-turbo on long prompt,result from gpt-3.5-turbo on short prompt,human written
103,result from gpt-4-1106-preview on short prompt,human written,result from gpt-4-1106-preview on long prompt,result from gpt-3.5-turbo on short prompt,result from gpt-3.5-turbo on long prompt
104,human written,result from gpt-3.5-turbo on short prompt,result from gpt-4-1106-preview on long prompt,result from gpt-3.5-turbo on long prompt,result from gpt-4-1106-preview on short prompt
105,result from gpt-3.5-turbo on short prompt,result from gpt-3.5-turbo on long prompt,result from gpt-4-1106-preview on short prompt,human written,result from gpt-4-1106-preview on long prompt
106,result from gpt-4-1106-preview on short prompt,human written,result from gpt-4-1106-preview on long prompt,result from gpt-3.5-turbo on long prompt,result from gpt-3.5-turbo on short prompt
107,result from gpt-4-1106-preview on long prompt,human written,result from gpt-4-1106-preview on short prompt,result from gpt-3.5-turbo on short prompt,result from gpt-3.5-turbo on long prompt
108,result from gpt-4-1106-preview on long prompt,result from gpt-4-1106-preview on short prompt,result from gpt-3.5-turbo on long prompt,human written,result from gpt-3.5-turbo on short prompt
109,human written,result from gpt-3.5-turbo on short prompt,result from gpt-3.5-turbo on long prompt,result from gpt-4-1106-preview on short prompt,result from gpt-4-1106-preview on long prompt
110,human written,result from gpt-4-1106-preview on long prompt,result from gpt-3.5-turbo on short prompt,result from gpt-4-1106-preview on short prompt,result from gpt-3.5-turbo on long prompt
111,result from gpt-3.5-turbo on long prompt,human written,result from gpt-4-1106-preview on long prompt,result from gpt-3.5-turbo on short prompt,result from gpt-4-1106-preview on short prompt
112,result from gpt-3.5-turbo on long prompt,result from gpt-4-1106-preview on long prompt,result from gpt-3.5-turbo on short prompt,result from gpt-4-1106-preview on short prompt,human written
113,result from gpt-4-1106-preview on long prompt,human written,result from gpt-3.5-turbo on long prompt,result from gpt-4-1106-preview on short prompt,result from gpt-3.5-turbo on short prompt
114,result from gpt-3.5-turbo on short prompt,result from gpt-4-1106-preview on long prompt,result from gpt-4-1106-preview on short prompt,human written,result from gpt-3.5-turbo on long prompt
115,result from gpt-3.5-turbo on short prompt,human written,result from gpt-3.5-turbo on long prompt,result from gpt-4-1106-preview on short prompt,result from gpt-4-1106-preview on long prompt
116,result from gpt-4-1106-preview on short prompt,human written,result from gpt-3.5-turbo on long prompt,result from gpt-3.5-turbo on short prompt,result from gpt-4-1106-preview on long prompt
117,result from gpt-3.5-turbo on short prompt,result from gpt-4-1106-preview on short prompt,human written,result from gpt-4-1106-preview on long prompt,result from gpt-3.5-turbo on long prompt
118,result from gpt-3.5-turbo on short prompt,result from gpt-4-1106-preview on short prompt,result from gpt-3.5-turbo on long prompt,human written,result from gpt-4-1106-preview on long prompt
119,result from gpt-4-1106-preview on short prompt,human written,result from gpt-3.5-turbo on long prompt,result from gpt-4-1106-preview on long prompt,result from gpt-3.5-turbo on short prompt
120,human written,result from gpt-4-1106-preview on long prompt,result from gpt-4-1106-preview on short prompt,result from gpt-3.5-turbo on short prompt,result from gpt-3.5-turbo on long prompt
121,result from gpt-4-1106-preview on short prompt,human written,result from gpt-3.5-turbo on long prompt,result from gpt-3.5-turbo on short prompt,result from gpt-4-1106-preview on long prompt
122,result from gpt-4-1106-preview on short prompt,result from gpt-3.5-turbo on short prompt,result from gpt-3.5-turbo on long prompt,human written,result from gpt-4-1106-preview on long prompt
123,human written,result from gpt-3.5-turbo on short prompt,result from gpt-3.5-turbo on long prompt,result from gpt-4-1106-preview on short prompt,result from gpt-4-1106-preview on long prompt
124,result from gpt-4-1106-preview on short prompt,result from gpt-4-1106-preview on long prompt,result from gpt-3.5-turbo on short prompt,result from gpt-3.5-turbo on long prompt,human written
125,result from gpt-3.5-turbo on short prompt,result from gpt-3.5-turbo on long prompt,human written,result from gpt-4-1106-preview on long prompt,result from gpt-4-1106-preview on short prompt
126,result from gpt-4-1106-preview on short prompt,result from gpt-3.5-turbo on short prompt,human written,result from gpt-4-1106-preview on long prompt,result from gpt-3.5-turbo on long prompt
127,human written,result from gpt-3.5-turbo on long prompt,result from gpt-4-1106-preview on long prompt,result from gpt-4-1106-preview on short prompt,result from gpt-3.5-turbo on short prompt
128,result from gpt-3.5-turbo on short prompt,result from gpt-4-1106-preview on short prompt,result from gpt-4-1106-preview on long prompt,human written,result from gpt-3.5-turbo on long prompt
129,result from gpt-3.5-turbo on short prompt,human written,result from gpt-4-1106-preview on long prompt,result from gpt-4-1106-preview on short prompt,result from gpt-3.5-turbo on long prompt
130,result from gpt-4-1106-preview on long prompt,result from gpt-3.5-turbo on long prompt,result from gpt-4-1106-preview on short prompt,human written,result from gpt-3.5-turbo on short prompt
131,result from gpt-3.5-turbo on long prompt,result from gpt-4-1106-preview on short prompt,result from gpt-4-1106-preview on long prompt,human written,result from gpt-3.5-turbo on short prompt
132,result from gpt-3.5-turbo on short prompt,result from gpt-4-1106-preview on long prompt,result from gpt-3.5-turbo on long prompt,result from gpt-4-1106-preview on short prompt,human written
133,result from gpt-4-1106-preview on short prompt,result from gpt-3.5-turbo on short prompt,human written,result from gpt-3.5-turbo on long prompt,result from gpt-4-1106-preview on long prompt
134,result from gpt-4-1106-preview on short prompt,result from gpt-3.5-turbo on short prompt,result from gpt-3.5-turbo on long prompt,human written,result from gpt-4-1106-preview on long prompt
135,result from gpt-4-1106-preview on long prompt,result from gpt-3.5-turbo on long prompt,result from gpt-3.5-turbo on short prompt,human written,result from gpt-4-1106-preview on short prompt
136,result from gpt-3.5-turbo on long prompt,result from gpt-4-1106-preview on short prompt,result from gpt-3.5-turbo on short prompt,result from gpt-4-1106-preview on long prompt,human written
137,result from gpt-3.5-turbo on long prompt,result from gpt-4-1106-preview on short prompt,result from gpt-4-1106-preview on long prompt,result from gpt-3.5-turbo on short prompt,human written
138,human written,result from gpt-4-1106-preview on short prompt,result from gpt-3.5-turbo on long prompt,result from gpt-3.5-turbo on short prompt,result from gpt-4-1106-preview on long prompt
139,human written,result from gpt-3.5-turbo on long prompt,result from gpt-3.5-turbo on short prompt,result from gpt-4-1106-preview on long prompt,result from gpt-4-1106-preview on short prompt
140,result from gpt-4-1106-preview on long prompt,result from gpt-3.5-turbo on short prompt,result from gpt-3.5-turbo on long prompt,human written,result from gpt-4-1106-preview on short prompt
141,human written,result from gpt-4-1106-preview on long prompt,result from gpt-4-1106-preview on short prompt,result from gpt-3.5-turbo on short prompt,result from gpt-3.5-turbo on long prompt
142,result from gpt-4-1106-preview on long prompt,result from gpt-3.5-turbo on long prompt,human written,result from gpt-3.5-turbo on short prompt,result from gpt-4-1106-preview on short prompt
143,result from gpt-4-1106-preview on short prompt,result from gpt-3.5-turbo on short prompt,human written,result from gpt-4-1106-preview on long prompt,result from gpt-3.5-turbo on long prompt
144,result from gpt-3.5-turbo on short prompt,result from gpt-4-1106-preview on short prompt,human written,result from gpt-3.5-turbo on long prompt,result from gpt-4-1106-preview on long prompt
145,human written,result from gpt-4-1106-preview on long prompt,result from gpt-3.5-turbo on short prompt,result from gpt-3.5-turbo on long prompt,result from gpt-4-1106-preview on short prompt
146,human written,result from gpt-3.5-turbo on long prompt,result from gpt-4-1106-preview on short prompt,result from gpt-4-1106-preview on long prompt,result from gpt-3.5-turbo on short prompt
147,result from gpt-4-1106-preview on long prompt,result from gpt-3.5-turbo on short prompt,result from gpt-4-1106-preview on short prompt,result from gpt-3.5-turbo on long prompt,human written
148,human written,result from gpt-4-1106-preview on long prompt,result from gpt-4-1106-preview on short prompt,result from gpt-3.5-turbo on long prompt,result from gpt-3.5-turbo on short prompt
149,result from gpt-4-1106-preview on short prompt,human written,result from gpt-3.5-turbo on short prompt,result from gpt-4-1106-preview on long prompt,result from gpt-3.5-turbo on long prompt
150,human written,result from gpt-3.5-turbo on short prompt,result from gpt-4-1106-preview on long prompt,result from gpt-3.5-turbo on long prompt,result from gpt-4-1106-preview on short prompt
151,result from gpt-3.5-turbo on short prompt,result from gpt-4-1106-preview on long prompt,result from gpt-4-1106-preview on short prompt,human written,result from gpt-3.5-turbo on long prompt
152,result from gpt-3.5-turbo on long prompt,result from gpt-4-1106-preview on short prompt,result from gpt-3.5-turbo on short prompt,human written,result from gpt-4-1106-preview on long prompt
153,result from gpt-4-1106-preview on long prompt,result from gpt-4-1106-preview on short prompt,human written,result from gpt-3.5-turbo on long prompt,result from gpt-3.5-turbo on short prompt
154,result from gpt-3.5-turbo on short prompt,result from gpt-4-1106-preview on long prompt,result from gpt-3.5-turbo on long prompt,result from gpt-4-1106-preview on short prompt,human written
155,result from gpt-3.5-turbo on long prompt,result from gpt-3.5-turbo on short prompt,result from gpt-4-1106-preview on short prompt,human written,result from gpt-4-1106-preview on long prompt
156,result from gpt-4-1106-preview on long prompt,human written,result from gpt-4-1106-preview on short prompt,result from gpt-3.5-turbo on short prompt,result from gpt-3.5-turbo on long prompt
157,result from gpt-4-1106-preview on short prompt,human written,result from gpt-3.5-turbo on short prompt,result from gpt-3.5-turbo on long prompt,result from gpt-4-1106-preview on long prompt
158,result from gpt-3.5-turbo on short prompt,result from gpt-4-1106-preview on long prompt,result from gpt-4-1106-preview on short prompt,human written,result from gpt-3.5-turbo on long prompt
159,result from gpt-3.5-turbo on long prompt,result from gpt-3.5-turbo on short prompt,result from gpt-4-1106-preview on long prompt,human written,result from gpt-4-1106-preview on short prompt
160,result from gpt-4-1106-preview on long prompt,result from gpt-3.5-turbo on long prompt,result from gpt-3.5-turbo on short prompt,result from gpt-4-1106-preview on short prompt,human written
161,result from gpt-3.5-turbo on short prompt,human written,result from gpt-4-1106-preview on short prompt,result from gpt-3.5-turbo on long prompt,result from gpt-4-1106-preview on long prompt
162,result from gpt-3.5-turbo on long prompt,result from gpt-4-1106-preview on short prompt,result from gpt-3.5-turbo on short prompt,human written,result from gpt-4-1106-preview on long prompt
163,result from gpt-4-1106-preview on long prompt,human written,result from gpt-4-1106-preview on short prompt,result from gpt-3.5-turbo on short prompt,result from gpt-3.5-turbo on long prompt
164,result from gpt-4-1106-preview on long prompt,human written,result from gpt-4-1106-preview on short prompt,result from gpt-3.5-turbo on short prompt,result from gpt-3.5-turbo on long prompt
165,result from gpt-4-1106-preview on long prompt,result from gpt-3.5-turbo on long prompt,result from gpt-3.5-turbo on short prompt,human written,result from gpt-4-1106-preview on short prompt
166,human written,result from gpt-4-1106-preview on long prompt,result from gpt-3.5-turbo on short prompt,result from gpt-4-1106-preview on short prompt,result from gpt-3.5-turbo on long prompt
167,result from gpt-3.5-turbo on long prompt,result from gpt-4-1106-preview on long prompt,human written,result from gpt-4-1106-preview on short prompt,result from gpt-3.5-turbo on short prompt
168,result from gpt-4-1106-preview on long prompt,result from gpt-4-1106-preview on short prompt,human written,result from gpt-3.5-turbo on long prompt,result from gpt-3.5-turbo on short prompt
169,result from gpt-3.5-turbo on long prompt,result from gpt-4-1106-preview on long prompt,human written,result from gpt-4-1106-preview on short prompt,result from gpt-3.5-turbo on short prompt
170,result from gpt-4-1106-preview on short prompt,result from gpt-3.5-turbo on long prompt,human written,result from gpt-4-1106-preview on long prompt,result from gpt-3.5-turbo on short prompt
171,result from gpt-3.5-turbo on long prompt,human written,result from gpt-3.5-turbo on short prompt,result from gpt-4-1106-preview on short prompt,result from gpt-4-1106-preview on long prompt
172,result from gpt-3.5-turbo on long prompt,result from gpt-3.5-turbo on short prompt,result from gpt-4-1106-preview on short prompt,human written,result from gpt-4-1106-preview on long prompt
173,human written,result from gpt-3.5-turbo on long prompt,result from gpt-4-1106-preview on short prompt,result from gpt-4-1106-preview on long prompt,result from gpt-3.5-turbo on short prompt
174,result from gpt-3.5-turbo on long prompt,result from gpt-3.5-turbo on short prompt,result from gpt-4-1106-preview on long prompt,result from gpt-4-1106-preview on short prompt,human written
175,result from gpt-4-1106-preview on long prompt,result from gpt-4-1106-preview on short prompt,result from gpt-3.5-turbo on short prompt,human written,result from gpt-3.5-turbo on long prompt
176,result from gpt-4-1106-preview on short prompt,human written,result from gpt-4-1106-preview on long prompt,result from gpt-3.5-turbo on long prompt,result from gpt-3.5-turbo on short prompt
177,human written,result from gpt-4-1106-preview on short prompt,result from gpt-3.5-turbo on short prompt,result from gpt-4-1106-preview on long prompt,result from gpt-3.5-turbo on long prompt
178,result from gpt-3.5-turbo on long prompt,result from gpt-4-1106-preview on short prompt,result from gpt-3.5-turbo on short prompt,human written,result from gpt-4-1106-preview on long prompt
179,result from gpt-3.5-turbo on long prompt,result from gpt-4-1106-preview on long prompt,result from gpt-3.5-turbo on short prompt,human written,result from gpt-4-1106-preview on short prompt
180,result from gpt-4-1106-preview on long prompt,result from gpt-4-1106-preview on short prompt,result from gpt-3.5-turbo on short prompt,human written,result from gpt-3.5-turbo on long prompt
181,human written,result from gpt-3.5-turbo on long prompt,result from gpt-3.5-turbo on short prompt,result from gpt-4-1106-preview on long prompt,result from gpt-4-1106-preview on short prompt
182,result from gpt-4-1106-preview on short prompt,result from gpt-3.5-turbo on short prompt,human written,result from gpt-3.5-turbo on long prompt,result from gpt-4-1106-preview on long prompt
183,result from gpt-3.5-turbo on short prompt,result from gpt-4-1106-preview on long prompt,human written,result from gpt-3.5-turbo on long prompt,result from gpt-4-1106-preview on short prompt
184,result from gpt-4-1106-preview on long prompt,result from gpt-4-1106-preview on short prompt,human written,result from gpt-3.5-turbo on short prompt,result from gpt-3.5-turbo on long prompt
185,result from gpt-4-1106-preview on short prompt,result from gpt-3.5-turbo on short prompt,human written,result from gpt-4-1106-preview on long prompt,result from gpt-3.5-turbo on long prompt
186,result from gpt-3.5-turbo on long prompt,result from gpt-4-1106-preview on short prompt,human written,result from gpt-3.5-turbo on short prompt,result from gpt-4-1106-preview on long prompt
187,result from gpt-4-1106-preview on long prompt,result from gpt-3.5-turbo on short prompt,human written,result from gpt-3.5-turbo on long prompt,result from gpt-4-1106-preview on short prompt
188,result from gpt-4-1106-preview on short prompt,human written,result from gpt-4-1106-preview on long prompt,result from gpt-3.5-turbo on long prompt,result from gpt-3.5-turbo on short prompt
189,result from gpt-4-1106-preview on long prompt,result from gpt-3.5-turbo on short prompt,result from gpt-3.5-turbo on long prompt,result from gpt-4-1106-preview on short prompt,human written
190,result from gpt-4-1106-preview on short prompt,result from gpt-4-1106-preview on long prompt,human written,result from gpt-3.5-turbo on long prompt,result from gpt-3.5-turbo on short prompt
191,result from gpt-4-1106-preview on short prompt,result from gpt-4-1106-preview on long prompt,result from gpt-3.5-turbo on short prompt,result from gpt-3.5-turbo on long prompt,human written
192,result from gpt-3.5-turbo on short prompt,result from gpt-4-1106-preview on long prompt,result from gpt-3.5-turbo on long prompt,result from gpt-4-1106-preview on short prompt,human written
193,result from gpt-3.5-turbo on short prompt,result from gpt-4-1106-preview on short prompt,result from gpt-4-1106-preview on long prompt,result from gpt-3.5-turbo on long prompt,human written
194,human written,result from gpt-4-1106-preview on short prompt,result from gpt-3.5-turbo on long prompt,result from gpt-4-1106-preview on long prompt,result from gpt-3.5-turbo on short prompt
195,result from gpt-3.5-turbo on short prompt,result from gpt-3.5-turbo on long prompt,result from gpt-4-1106-preview on short prompt,human written,result from gpt-4-1106-preview on long prompt
196,result from gpt-4-1106-preview on short prompt,result from gpt-3.5-turbo on short prompt,human written,result from gpt-3.5-turbo on long prompt,result from gpt-4-1106-preview on long prompt
197,human written,result from gpt-3.5-turbo on long prompt,result from gpt-4-1106-preview on long prompt,result from gpt-3.5-turbo on short prompt,result from gpt-4-1106-preview on short prompt
198,human written,result from gpt-4-1106-preview on long prompt,result from gpt-3.5-turbo on short prompt,result from gpt-3.5-turbo on long prompt,result from gpt-4-1106-preview on short prompt
199,result from gpt-3.5-turbo on short prompt,result from gpt-3.5-turbo on long prompt,result from gpt-4-1106-preview on short prompt,result from gpt-4-1106-preview on long prompt,human written
200,result from gpt-3.5-turbo on short prompt,result from gpt-4-1106-preview on short prompt,result from gpt-4-1106-preview on long prompt,human written,result from gpt-3.5-turbo on long prompt
201,human written,result from gpt-3.5-turbo on long prompt,result from gpt-4-1106-preview on short prompt,result from gpt-4-1106-preview on long prompt,result from gpt-3.5-turbo on short prompt
202,result from gpt-4-1106-preview on long prompt,result from gpt-4-1106-preview on short prompt,result from gpt-3.5-turbo on long prompt,human written,result from gpt-3.5-turbo on short prompt
203,result from gpt-4-1106-preview on long prompt,result from gpt-3.5-turbo on short prompt,human written,result from gpt-3.5-turbo on long prompt,result from gpt-4-1106-preview on short prompt
204,result from gpt-3.5-turbo on long prompt,result from gpt-4-1106-preview on short prompt,result from gpt-4-1106-preview on long prompt,result from gpt-3.5-turbo on short prompt,human written
205,result from gpt-3.5-turbo on short prompt,result from gpt-3.5-turbo on long prompt,result from gpt-4-1106-preview on short prompt,result from gpt-4-1106-preview on long prompt,human written
206,result from gpt-3.5-turbo on short prompt,result from gpt-4-1106-preview on long prompt,human written,result from gpt-3.5-turbo on long prompt,result from gpt-4-1106-preview on short prompt
207,result from gpt-3.5-turbo on long prompt,result from gpt-3.5-turbo on short prompt,human written,result from gpt-4-1106-preview on long prompt,result from gpt-4-1106-preview on short prompt
